group_var,min_group,min_mean,max_group,max_mean,gap
Medu,1,10.178217821782178,4,12.509803921568627,2.332
Fedu,1,10.3671875,0,12.333333333333334,1.966
school,MS,10.514705882352942,GP,11.63341968911917,1.119
internet,no,10.534562211981568,yes,11.553808948004837,1.019
romantic,yes,10.830188679245284,no,11.62407132243685,0.794
famsize,GT3,11.18970189701897,LE3,11.709150326797385,0.519
Pstatus,T,11.299024918743228,A,11.669421487603305,0.37
sex,M,11.20309050772627,F,11.448392554991539,0.245
